genus,family
Pongo,Hominidae
Cheirogaleus,Cheirogaleidae
Microcebus,Cheirogaleidae
Plecturocebus,Pitheciidae
Cheracebus,Pitheciidae
Giraffa,Giraffidae
Saimiri,Cebidae
Macaca,Cercopithecidae
Cacajao,Pitheciidae
Pithecia,Pitheciidae
Eumops,Molossidae
Mormopterus,Molossidae
Canis,Canidae
Pedetes,Pedetidae
Akodon,Cricetidae
Calomys,Cricetidae
Baiyankamys,Muridae
Hydromys,Muridae
Margaretamys,Muridae
Paucidentomys,Muridae
Waiomys,Muridae
Oecomys,Cricetidae
Saxatilomys,Muridae
Leptomys,Muridae
Coccymys,Muridae
Eliurus,Nesomyidae
Neomicroxus,Cricetidae
Hylomyscus,Muridae
Microhydromys,Muridae
Musseromys,Muridae
Soricomys,Muridae
Sooretamys,Cricetidae
Nephelomys,Cricetidae
Transandinomys,Cricetidae
Oreoryzomys,Cricetidae
Hylaeamys,Cricetidae
Mindomys,Cricetidae
Mirzamys,Muridae
Pseudohydromys,Muridae
Euryoryzomys,Cricetidae
Cerradomys,Cricetidae
Eremoryzomys,Cricetidae
Aegialomys,Cricetidae
Tonkinomys,Muridae
Voalavo,Nesomyidae
Halmaheramys,Muridae
Rattus,Muridae
Mus,Muridae
Otomys,Muridae
Myotomys,Muridae
Uromys,Muridae
Vandeleuria,Muridae
Sommeromys,Muridae
Stenocephalemys,Muridae
Rhabdomys,Muridae
Rhagamys,Muridae
Taeromys,Muridae
Thamnomys,Muridae
Pseudomys,Muridae
Protochromys,Muridae
Praomys,Muridae
Pogonomys,Muridae
Pithecheirops,Muridae
Pithecheir,Muridae
Paramelomys,Muridae
Niviventer,Muridae
Nesoromys,Muridae
Myomyscus,Muridae
Nilopegamys,Muridae
Mylomys,Muridae
Micaelamys,Muridae
Melomys,Muridae
Mastomys,Muridae
Mastacomys,Muridae
Mammelomys,Muridae
Madromys,Muridae
Limnomys,Muridae
Lemniscomys,Muridae
Leopoldamys,Muridae
Hadromys,Muridae
Hybomys,Muridae
Grammomys,Muridae
Echiothrix,Muridae
Desmomys,Muridae
Diplothrix,Muridae
Dephomys,Muridae
Dasymys,Muridae
Crunomys,Muridae
Crateromys,Muridae
Chrotomys,Muridae
Bullimus,Muridae
Arvicanthis,Muridae
Batomys,Muridae
Apomys,Muridae
Apodemus,Muridae
Taterillus,Muridae
Abeomelomys,Muridae
Aethomys,Muridae
Meriones,Muridae
Gerbilliscus,Muridae
Dipodillus,Muridae
Lophuromys,Muridae
Acomys,Muridae
Thomasomys,Cricetidae
Thaptomys,Cricetidae
Sigmodon,Cricetidae
Tapecomys,Cricetidae
Rhipidomys,Cricetidae
Scapteromys,Cricetidae
Salinomys,Cricetidae
Reithrodon,Cricetidae
Punomys,Cricetidae
Rhagomys,Cricetidae
Phyllotis,Cricetidae
Pearsonomys,Cricetidae
Oxymycterus,Cricetidae
Paralomys,Cricetidae
Nectomys,Cricetidae
Oligoryzomys,Cricetidae
Noronhomys,Cricetidae
Oryzomys,Cricetidae
Necromys,Cricetidae
Neacomys,Cricetidae
Microakodontomys,Cricetidae
Megaoryzomys,Cricetidae
Loxodontomys,Cricetidae
Lundomys,Cricetidae
Juliomys,Cricetidae
Handleyomys,Cricetidae
Graomys,Cricetidae
Deltamys,Cricetidae
Chibchanomys,Cricetidae
Chelemys,Cricetidae
Brucepattersonius,Cricetidae
Andalgalomys,Cricetidae
Amphinectomys,Cricetidae
Aepeomys,Cricetidae
Abrothrix,Cricetidae
Peromyscus,Cricetidae
Neotoma,Cricetidae
Habromys,Cricetidae
Neodon,Cricetidae
Myodes,Cricetidae
Microtus,Cricetidae
Lemmus,Cricetidae
Eothenomys,Cricetidae
Caryomys,Cricetidae
Blanfordimys,Cricetidae
Arvicola,Cricetidae
Alticola,Cricetidae
Nesomys,Nesomyidae
Monticolomys,Nesomyidae
Brachytarsomys,Nesomyidae
Steatomys,Nesomyidae
Dendromus,Nesomyidae
Cricetomys,Nesomyidae
Calomyscus,Calomyscidae
Tachyoryctes,Spalacidae
Spalax,Spalacidae
Eospalax,Spalacidae
Salpingotulus,Dipodidae
Allactaga,Dipodidae
Dryomys,Gliridae
Eliomys,Gliridae
Graphiurus,Gliridae
Chaetocauda,Gliridae
Hsunycteris,Phyllostomidae
Glis,Gliridae
Vampyriscus,Phyllostomidae
Myotis,Vespertilionidae
Rhinolophus,Rhinolophidae
Anoura,Phyllostomidae
Thyroptera,Thyropteridae
Scotophilus,Vespertilionidae
Casinycteris,Pteropodidae
Miniopterus,Miniopteridae
Triaenops,Hipposideridae
Paratriaenops,Hipposideridae
Neoromicia,Vespertilionidae
Megaloglossus,Pteropodidae
Sturnira,Phyllostomidae
Rhinopoma,Rhinopomatidae
Tylonycteris,Vespertilionidae
Lonchophylla,Phyllostomidae
Pteropus,Pteropodidae
Natalus,Natalidae
Dryadonycteris,Phyllostomidae
Niumbaha,Vespertilionidae
Micronycteris,Phyllostomidae
Perimyotis,Vespertilionidae
Dyacopterus,Pteropodidae
Parastrellus,Vespertilionidae
Epomophorus,Pteropodidae
Plecotus,Vespertilionidae
Dermanura,Phyllostomidae
Murina,Vespertilionidae
Lophostoma,Phyllostomidae
Eptesicus,Vespertilionidae
Chaerephon,Molossidae
Hipposideros,Hipposideridae
Coleura,Emballonuridae
Paremballonura,Emballonuridae
Xeronycteris,Phyllostomidae
Asellia,Hipposideridae
Rhogeessa,Vespertilionidae
Artibeus,Phyllostomidae
Carollia,Phyllostomidae
Barbastella,Vespertilionidae
Otonycteris,Vespertilionidae
Desmalopex,Pteropodidae
Kerivoula,Vespertilionidae
Styloctenium,Pteropodidae
Harpiola,Vespertilionidae
Nyctophilus,Vespertilionidae
Pteralopex,Pteropodidae
Mirimiri,Pteropodidae
Myzopoda,Myzopodidae
Pipistrellus,Vespertilionidae
Phoniscus,Vespertilionidae
Harpiocephalus,Vespertilionidae
Cistugo,Cistugidae
Bauerus,Vespertilionidae
Vespertilio,Vespertilionidae
Vespadelus,Vespertilionidae
Hypsugo,Vespertilionidae
Histiotus,Vespertilionidae
Glauconycteris,Vespertilionidae
Falsistrellus,Vespertilionidae
Chalinolobus,Vespertilionidae
Scotozous,Vespertilionidae
Nyctalus,Vespertilionidae
Scotorepens,Vespertilionidae
Scotoecus,Vespertilionidae
Scoteanax,Vespertilionidae
Nycticeius,Vespertilionidae
Lasiurus,Vespertilionidae
Arielulus,Vespertilionidae
Tadarida,Molossidae
Sauromys,Molossidae
Platymops,Molossidae
Otomops,Molossidae
Mops,Molossidae
Molossus,Molossidae
Cynomops,Molossidae
Cheiromeles,Molossidae
Nyctiellus,Natalidae
Chilonatalus,Natalidae
Pteronotus,Mormoopidae
Mormoops,Mormoopidae
Vampyressa,Phyllostomidae
Enchisthenes,Phyllostomidae
Trinycteris,Phyllostomidae
Tonatia,Phyllostomidae
Neonycteris,Phyllostomidae
Mimon,Phyllostomidae
Lonchorhina,Phyllostomidae
Glyphonycteris,Phyllostomidae
Phyllonycteris,Phyllostomidae
Lampronycteris,Phyllostomidae
Nycteris,Nycteridae
Peropteryx,Emballonuridae
Centronycteris,Emballonuridae
Taphozous,Emballonuridae
Emballonura,Emballonuridae
Saccopteryx,Emballonuridae
Coelops,Hipposideridae
Rousettus,Pteropodidae
Plerotes,Pteropodidae
Paranyctimene,Pteropodidae
Notopteris,Pteropodidae
Nyctimene,Pteropodidae
Melonycteris,Pteropodidae
Nanonycteris,Pteropodidae
Lissonycteris,Pteropodidae
Epomops,Pteropodidae
Eonycteris,Pteropodidae
Dobsonia,Pteropodidae
Cynopterus,Pteropodidae
Aethalops,Pteropodidae
Trachypithecus,Cercopithecidae
Chlorocebus,Cercopithecidae
Propithecus,Indriidae
Chiropotes,Pitheciidae
Gorilla,Hominidae
Brachyteles,Atelidae
Symphalangus,Hylobatidae
Nomascus,Hylobatidae
Hylobates,Hylobatidae
Hoolock,Hylobatidae
Semnopithecus,Cercopithecidae
Rhinopithecus,Cercopithecidae
Simias,Cercopithecidae
Presbytis,Cercopithecidae
Piliocolobus,Cercopithecidae
Colobus,Cercopithecidae
Cercopithecus,Cercopithecidae
Allochrocebus,Cercopithecidae
Miopithecus,Cercopithecidae
Papio,Cercopithecidae
Rungwecebus,Cercopithecidae
Lophocebus,Cercopithecidae
Cercocebus,Cercopithecidae
Lagothrix,Atelidae
Alouatta,Atelidae
Ateles,Atelidae
Aotus,Aotidae
Cebus,Cebidae
Sapajus,Cebidae
Saguinus,Callitrichidae
Mico,Callitrichidae
Tarsius,Tarsiidae
Cebuella,Callitrichidae
Cephalopachus,Tarsiidae
Nycticebus,Lorisidae
Carlito,Tarsiidae
Loris,Lorisidae
Sciurocheirus,Galagidae
Galagoides,Galagidae
Avahi,Indriidae
Varecia,Lemuridae
Eulemur,Lemuridae
Hapalemur,Lemuridae
Prolemur,Lemuridae
Lepilemur,Lepilemuridae
Phaner,Cheirogaleidae
Mirza,Cheirogaleidae
Antechinus,Dasyuridae
Inia,Iniidae
Leopardus,Felidae
Tapirus,Tapiridae
Biswamoyopterus,Sciuridae
Neofelis,Felidae
Urocitellus,Sciuridae
Petaurista,Sciuridae
Xerospermophilus,Sciuridae
Callospermophilus,Sciuridae
Ictidomys,Sciuridae
Otospermophilus,Sciuridae
Spermophilus,Sciuridae
Poliocitellus,Sciuridae
Notocitellus,Sciuridae
Tamiops,Sciuridae
Prosciurillus,Sciuridae
Petinomys,Sciuridae
Dremomys,Sciuridae
Eoglaucomys,Sciuridae
Hylopetes,Sciuridae
Tapirella,Tapiridae
Acrocodia,Tapiridae
Equus,Equidae
Ceratotherium,Rhinocerotidae
Bassaricyon,Procyonidae
Chaetodipus,Heteromyidae
Heteromys,Heteromyidae
Cratogeomys,Geomyidae
Cephalophus,Bovidae
Naemorhedus,Bovidae
Capricornis,Bovidae
Oryx,Bovidae
Sus,Suidae
Axis,Cervidae
Madoqua,Bovidae
Philantomba,Bovidae
Hippopotamus,Hippopotamidae
Vicugna,Camelidae
Nanger,Bovidae
Pseudoryx,Bovidae
Gazella,Bovidae
Saiga,Bovidae
Eudorcas,Bovidae
Damaliscus,Bovidae
Perognathus,Heteromyidae
Alcelaphus,Bovidae
Beatragus,Bovidae
Rusa,Cervidae
Rucervus,Cervidae
Muntiacus,Cervidae
Mazama,Cervidae
Moschus,Moschidae
Tragulus,Tragulidae
Alces,Cervidae
Babyrousa,Suidae
Sphiggurus,Erethizontidae
Mesocapromys,Capromyidae
Phyllomys,Echimyidae
Chinchilla,Chinchillidae
Capromys,Capromyidae
Trinomys,Echimyidae
Thrichomys,Echimyidae
Proechimys,Echimyidae
Mesomys,Echimyidae
Makalata,Echimyidae
Isothrix,Echimyidae
Callistomys,Echimyidae
Cuscomys,Abrocomidae
Abrocoma,Abrocomidae
Salinoctomys,Octodontidae
Octodon,Octodontidae
Pipanacoctomys,Octodontidae
Aconaemys,Octodontidae
Ctenomys,Ctenomyidae
Cuniculus,Cuniculidae
Kerodon,Caviidae
Myoprocta,Dasyproctidae
Hydrochoerus,Caviidae
Cavia,Caviidae
Lagostomus,Chinchillidae
Coendou,Erethizontidae
Cryptomys,Bathyergidae
Mesoplodon,Hyperoodontidae
Sotalia,Delphinidae
Sylvilagus,Leporidae
Manis,Manidae
Orcaella,Delphinidae
Lepus,Leporidae
Viverricula,Viverridae
Balaenoptera,Balaenopteridae
Ochotona,Ochotonidae
Galeopterus,Cynocephalidae
Bradypus,Bradypodidae
Tupaia,Tupaiidae
Ictonyx,Mustelidae
Calyptophractus,Dasypodidae
Aonyx,Mustelidae
Spilogale,Mephitidae
Mustela,Mustelidae
Neovison,Mustelidae
Meles,Mustelidae
Lutra,Mustelidae
Lycalopex,Canidae
Hyaena,Hyaenidae
Proteles,Hyaenidae
Herpestes,Herpestidae
Galerella,Herpestidae
Crossarchus,Herpestidae
Genetta,Viverridae
Poiana,Viverridae
Puma,Felidae
Prionailurus,Felidae
Talpa,Talpidae
Sylvisorex,Soricidae
Suncus,Soricidae
Sorex,Soricidae
Solenodon,Solenodontidae
Notiosorex,Soricidae
Nesophontes,Nesophontidae
Nesiotites,Soricidae
Myosorex,Soricidae
Neomys,Soricidae
Mogera,Talpidae
Episoriculus,Soricidae
Dymecodon,Talpidae
Cryptotis,Soricidae
Crocidura,Soricidae
Congosorex,Soricidae
Chodsigoa,Soricidae
Chimarrogale,Soricidae
Blarina,Soricidae
Blarinella,Soricidae
Anourosorex,Soricidae
Paraechinus,Erinaceidae
Neohylomys,Erinaceidae
Neotetracus,Erinaceidae
Hylomys,Erinaceidae
Erinaceus,Erinaceidae
Neamblysomus,Chrysochloridae
Calcochloris,Chrysochloridae
Amblysomus,Chrysochloridae
Carpitalpa,Chrysochloridae
Hemicentetes,Tenrecidae
Microgale,Tenrecidae
Trichosurus,Phalangeridae
Thylogale,Macropodidae
Spilocuscus,Phalangeridae
Strigocuscus,Phalangeridae
Pseudochirulus,Pseudocheiridae
Phalanger,Phalangeridae
Pseudochirops,Pseudocheiridae
Potorous,Potoroidae
Petrogale,Macropodidae
Petaurus,Petauridae
Dendrolagus,Macropodidae
Ailurops,Phalangeridae
Bettongia,Potoroidae
Sminthopsis,Dasyuridae
Pseudantechinus,Dasyuridae
Phascomurexia,Dasyuridae
Paramurexia,Dasyuridae
Myoictis,Dasyuridae
Murexechinus,Dasyuridae
Sarcophilus,Dasyuridae
Micromurexia,Dasyuridae
Dasyuroides,Dasyuridae
Caenolestes,Caenolestidae
Antechinomys,Dasyuridae
Tlacuatzin,Didelphidae
Thylamys,Didelphidae
Philander,Didelphidae
Monodelphis,Didelphidae
Micoureus,Didelphidae
Marmosops,Didelphidae
Hyladelphys,Didelphidae
Gracilinanus,Didelphidae
Marmosa,Didelphidae
Didelphis,Didelphidae
Zaglossus,Tachyglossidae
Uropsilus,Talpidae
Laonastes,Diatomyidae
Urotrichus,Talpidae
Scaptochirus,Talpidae
Scaptonyx,Talpidae
Scapanulus,Talpidae
Parascaptor,Talpidae
Euroscaptor,Talpidae
Desmana,Talpidae
Galemys,Talpidae
Soriculus,Soricidae
Nectogale,Soricidae
Megasorex,Soricidae
Surdisorex,Soricidae
Solisorex,Soricidae
Scutisorex,Soricidae
Paracrocidura,Soricidae
Ruwenzorisorex,Soricidae
Feroculus,Soricidae
Diplomesodon,Soricidae
Podogymnura,Erinaceidae
Mesechinus,Erinaceidae
Echinosorex,Erinaceidae
Hemiechinus,Erinaceidae
Atelerix,Erinaceidae
Eremitalpa,Chrysochloridae
Cryptochloris,Chrysochloridae
Chrysospalax,Chrysochloridae
Chrysochloris,Chrysochloridae
Chlorotalpa,Chrysochloridae
Setifer,Tenrecidae
Tenrec,Tenrecidae
Echinops,Tenrecidae
Micropotamogale,Tenrecidae
Potamogale,Tenrecidae
Oryzorictes,Tenrecidae
Limnogale,Tenrecidae
Geogale,Tenrecidae
Juscelinomys,Cricetidae
Zygodontomys,Cricetidae
Xenomys,Cricetidae
Wilfredomys,Cricetidae
Wiedomys,Cricetidae
Tylomys,Cricetidae
Thalpomys,Cricetidae
Sigmodontomys,Cricetidae
Scotinomys,Cricetidae
Scolomys,Cricetidae
Rheomys,Cricetidae
Reithrodontomys,Cricetidae
Podoxymys,Cricetidae
Pseudoryzomys,Cricetidae
Phaenomys,Cricetidae
Ototylomys,Cricetidae
Otonyctomys,Cricetidae
Osgoodomys,Cricetidae
Notiomys,Cricetidae
Nyctomys,Cricetidae
Neusticomys,Cricetidae
Nesoryzomys,Cricetidae
Neotomys,Cricetidae
Neotomodon,Cricetidae
Nelsonia,Cricetidae
Microryzomys,Cricetidae
Melanomys,Cricetidae
Megalomys,Cricetidae
Megadontomys,Cricetidae
Lenoxus,Cricetidae
Kunsia,Cricetidae
Isthmomys,Cricetidae
Irenomys,Cricetidae
Ichthyomys,Cricetidae
Holochilus,Cricetidae
Hodomys,Cricetidae
Geoxus,Cricetidae
Galenomys,Cricetidae
Euneomys,Cricetidae
Eligmodontia,Cricetidae
Delomys,Cricetidae
Chinchillula,Cricetidae
Chilomys,Cricetidae
Bibimys,Cricetidae
Blarinomys,Cricetidae
Baiomys,Cricetidae
Auliscomys,Cricetidae
Anotomys,Cricetidae
Andinomys,Cricetidae
Abrawayaomys,Cricetidae
Microdillus,Muridae
Tatera,Muridae
Sekeetamys,Muridae
Psammomys,Muridae
Rhombomys,Muridae
Pachyuromys,Muridae
Gerbillus,Muridae
Gerbillurus,Muridae
Desmodillus,Muridae
Desmodilliscus,Muridae
Brachiones,Muridae
Ammodillus,Muridae
Volemys,Cricetidae
Prometheomys,Cricetidae
Myopus,Cricetidae
Proedromys,Cricetidae
Lasiopodomys,Cricetidae
Lagurus,Cricetidae
Hyperacrius,Cricetidae
Eolagurus,Cricetidae
Ellobius,Cricetidae
Dinaromys,Cricetidae
Dicrostonyx,Cricetidae
Chionomys,Cricetidae
Parotomys,Muridae
Macrotarsomys,Nesomyidae
Hypogeomys,Nesomyidae
Gymnuromys,Nesomyidae
Brachyuromys,Nesomyidae
Saccostomus,Nesomyidae
Beamys,Nesomyidae
Rhizomys,Spalacidae
Cannomys,Spalacidae
Mystromys,Nesomyidae
Myospalax,Spalacidae
Tscherskia,Cricetidae
Phodopus,Cricetidae
Mesocricetus,Cricetidae
Cricetus,Cricetidae
Cricetulus,Cricetidae
Cansumys,Cricetidae
Allocricetulus,Cricetidae
Malacothrix,Nesomyidae
Megadendromus,Nesomyidae
Deomys,Muridae
Prionomys,Nesomyidae
Leimacomys,Muridae
Dendroprionomys,Nesomyidae
Lophiomys,Cricetidae
Petromyscus,Nesomyidae
Delanymys,Nesomyidae
Typhlomys,Platacanthomyidae
Platacanthomys,Platacanthomyidae
Trogopterus,Sciuridae
Pteromyscus,Sciuridae
Pteromys,Sciuridae
Petaurillus,Sciuridae
Iomys,Sciuridae
Eupetaurus,Sciuridae
Belomys,Sciuridae
Aeromys,Sciuridae
Aeretes,Sciuridae
Xerus,Sciuridae
Tamiasciurus,Sciuridae
Tamias,Sciuridae
Sundasciurus,Sciuridae
Syntheosciurus,Sciuridae
Spermophilopsis,Sciuridae
Sciurus,Sciuridae
Sciurotamias,Sciuridae
Sciurillus,Sciuridae
Rubrisciurus,Sciuridae
Rhinosciurus,Sciuridae
Rheithrosciurus,Sciuridae
Ratufa,Sciuridae
Protoxerus,Sciuridae
Paraxerus,Sciuridae
Nannosciurus,Sciuridae
Microsciurus,Sciuridae
Myosciurus,Sciuridae
Menetes,Sciuridae
Marmota,Sciuridae
Lariscus,Sciuridae
Hyosciurus,Sciuridae
Heliosciurus,Sciuridae
Glyphotes,Sciuridae
Funisciurus,Sciuridae
Funambulus,Sciuridae
Exilisciurus,Sciuridae
Epixerus,Sciuridae
Cynomys,Sciuridae
Callosciurus,Sciuridae
Atlantoxerus,Sciuridae
Ammospermophilus,Sciuridae
Promops,Molossidae
Nyctinomops,Molossidae
Myopterus,Molossidae
Molossops,Molossidae
Mystacina,Mystacinidae
Tomopeas,Molossidae
Scotomanes,Vespertilionidae
Pharotis,Vespertilionidae
Philetor,Vespertilionidae
Mimetillus,Vespertilionidae
Laephotis,Vespertilionidae
Ia,Vespertilionidae
Hesperoptenus,Vespertilionidae
Glischropus,Vespertilionidae
Eudiscopus,Vespertilionidae
Furipterus,Furipteridae
Amorphochilus,Furipteridae
Noctilio,Noctilionidae
Diaemus,Phyllostomidae
Platyrrhinus,Phyllostomidae
Desmodus,Phyllostomidae
Vampyrodes,Phyllostomidae
Uroderma,Phyllostomidae
Pygoderma,Phyllostomidae
Sphaeronycteris,Phyllostomidae
Phyllops,Phyllostomidae
Mesophylla,Phyllostomidae
Chiroderma,Phyllostomidae
Ectophylla,Phyllostomidae
Centurio,Phyllostomidae
Ardops,Phyllostomidae
Ariteus,Phyllostomidae
Rhinophylla,Phyllostomidae
Ametrida,Phyllostomidae
Scleronycteris,Phyllostomidae
Musonycteris,Phyllostomidae
Lichonycteris,Phyllostomidae
Hylonycteris,Phyllostomidae
Glossophaga,Phyllostomidae
Choeroniscus,Phyllostomidae
Brachyphylla,Phyllostomidae
Platalina,Phyllostomidae
Lionycteris,Phyllostomidae
Trachops,Phyllostomidae
Phyllostomus,Phyllostomidae
Vampyrum,Phyllostomidae
Phylloderma,Phyllostomidae
Macrophyllum,Phyllostomidae
Chrotopterus,Phyllostomidae
Eidolon,Pteropodidae
Megaderma,Megadermatidae
Cardioderma,Megadermatidae
Macroderma,Megadermatidae
Lavia,Megadermatidae
Saccolaimus,Emballonuridae
Rhynchonycteris,Emballonuridae
Mosia,Emballonuridae
Diclidurus,Emballonuridae
Cyttarops,Emballonuridae
Cormura,Emballonuridae
Balantiopteryx,Emballonuridae
Syconycteris,Pteropodidae
Macroglossus,Pteropodidae
Thoopterus,Pteropodidae
Scotonycteris,Pteropodidae
Sphaerias,Pteropodidae
Ptenochirus,Pteropodidae
Penthetor,Pteropodidae
Otopteropus,Pteropodidae
Neopteryx,Pteropodidae
Myonycteris,Pteropodidae
Micropteropus,Pteropodidae
Megaerops,Pteropodidae
Latidens,Pteropodidae
Hypsignathus,Pteropodidae
Harpyionycteris,Pteropodidae
Haplonycteris,Pteropodidae
Chironax,Pteropodidae
Balionycteris,Pteropodidae
Alionycteris,Pteropodidae
Aproteles,Pteropodidae
Acerodon,Pteropodidae
Craseonycteris,Craseonycteridae
Rhinonicteris,Hipposideridae
Cloeotis,Hipposideridae
Aselliscus,Hipposideridae
Anthops,Hipposideridae
Nesolagus,Leporidae
Pronolagus,Leporidae
Romerolagus,Leporidae
Poelagus,Leporidae
Pentalagus,Leporidae
Caprolagus,Leporidae
Prolagus,Prolagidae
Bunolagus,Leporidae
Liomys,Heteromyidae
Dipodomys,Heteromyidae
Zygogeomys,Geomyidae
Pappogeomys,Geomyidae
Orthogeomys,Geomyidae
Geomys,Geomyidae
Redunca,Bovidae
Pelea,Bovidae
Kobus,Bovidae
Hippotragus,Bovidae
Rupicapra,Bovidae
Pseudois,Bovidae
Ovis,Bovidae
Hemitragus,Bovidae
Capra,Bovidae
Budorcas,Bovidae
Tragelaphus,Bovidae
Bubalus,Bovidae
Tetracerus,Bovidae
Taurotragus,Bovidae
Raphicerus,Bovidae
Procapra,Bovidae
Pantholops,Bovidae
Ourebia,Bovidae
Oreotragus,Bovidae
Neotragus,Bovidae
Litocranius,Bovidae
Dorcatragus,Bovidae
Ammodorcas,Bovidae
Antidorcas,Bovidae
Connochaetes,Bovidae
Aepyceros,Bovidae
Pudu,Cervidae
Ozotoceros,Cervidae
Hippocamelus,Cervidae
Capreolus,Cervidae
Blastocerus,Cervidae
Elaphodus,Cervidae
Hydropotes,Cervidae
Elaphurus,Cervidae
Okapia,Giraffidae
Moschiola,Tragulidae
Hyemoschus,Tragulidae
Camelus,Camelidae
Hexaprotodon,Hippopotamidae
Catagonus,Tayassuidae
Lama,Camelidae
Potamochoerus,Suidae
Hylochoerus,Suidae
Phacochoerus,Suidae
Rhinoceros,Rhinocerotidae
Diceros,Rhinocerotidae
Dicerorhinus,Rhinocerotidae
Tamandua,Myrmecophagidae
Cyclopes,Cyclopedidae
Choloepus,Megalonychidae
Myrmecophaga,Myrmecophagidae
Zaedyus,Dasypodidae
Tolypeutes,Dasypodidae
Priodontes,Dasypodidae
Euphractus,Dasypodidae
Dasypus,Dasypodidae
Chaetophractus,Dasypodidae
Cabassous,Dasypodidae
Chlamyphorus,Dasypodidae
Hydrictis,Mustelidae
Pusa,Phocidae
Vulpes,Canidae
Lobodon,Phocidae
Pagophilus,Phocidae
Histriophoca,Phocidae
Zalophus,Otariidae
Viverra,Viverridae
Prionodon,Viverridae
Civettictis,Viverridae
Paradoxurus,Viverridae
Macrogalidia,Viverridae
Paguma,Viverridae
Arctogalidia,Viverridae
Chrotogale,Viverridae
Hemigalus,Viverridae
Cynogale,Viverridae
Eupleres,Eupleridae
Fossa,Eupleridae
Diplogale,Viverridae
Nandinia,Nandiniidae
Arctictis,Viverridae
Procyon,Procyonidae
Nasuella,Procyonidae
Poecilogale,Mustelidae
Vormela,Mustelidae
Potos,Procyonidae
Cryptoprocta,Eupleridae
Martes,Mustelidae
Bassariscus,Procyonidae
Lyncodon,Mustelidae
Galictis,Mustelidae
Eira,Mustelidae
Conepatus,Mephitidae
Mydaus,Mephitidae
Melogale,Mustelidae
Mellivora,Mustelidae
Arctonyx,Mustelidae
Lutrogale,Mustelidae
Lontra,Mustelidae
Pteronura,Mustelidae
Suricata,Herpestidae
Crocuta,Hyaenidae
Mungos,Herpestidae
Paracynictis,Herpestidae
Rhynchogale,Herpestidae
Ichneumia,Herpestidae
Dologale,Herpestidae
Helogale,Herpestidae
Bdeogale,Herpestidae
Cynictis,Herpestidae
Galidia,Eupleridae
Galidictis,Eupleridae
Salanoia,Eupleridae
Profelis,Felidae
Mungotictis,Eupleridae
Pardofelis,Felidae
Atilax,Herpestidae
Catopuma,Felidae
Lynx,Felidae
Helarctos,Ursidae
Dusicyon,Canidae
Tremarctos,Ursidae
Melursus,Ursidae
Ursus,Ursidae
Ailurus,Ailuridae
Ailuropoda,Ursidae
Sousa,Delphinidae
Tursiops,Delphinidae
Callicebus,Pitheciidae
Tarsipes,Tarsipedidae
Acrobates,Acrobatidae
Distoechurus,Acrobatidae
Dactylopsila,Petauridae
Gymnobelideus,Petauridae
Pseudocheirus,Pseudocheiridae
Petauroides,Pseudocheiridae
Hemibelideus,Pseudocheiridae
Petropseudes,Pseudocheiridae
Cercartetus,Burramyidae
Eubalaena,Balaenidae
Burramys,Burramyidae
Sicista,Dipodidae
Eozapus,Dipodidae
Loxodonta,Elephantidae
Paradipus,Dipodidae
Stylodipus,Dipodidae
Euchoreutes,Dipodidae
Jaculus,Dipodidae
Eremodipus,Dipodidae
Dipus,Dipodidae
Salpingotus,Dipodidae
Pygeretmus,Dipodidae
Allactodipus,Dipodidae
Cardiocranius,Dipodidae
Zyzomys,Muridae
Xeromys,Muridae
Xenuromys,Muridae
Zelotomys,Muridae
Vernaya,Muridae
Uranomys,Muridae
Tryphomys,Muridae
Tokudaia,Muridae
Thallomys,Muridae
Tateomys,Muridae
Tarsomys,Muridae
Sundamys,Muridae
Stochomys,Muridae
Srilankamys,Muridae
Spelaeomys,Muridae
Solomys,Muridae
Rhynchomys,Muridae
Pogonomelomys,Muridae
Phloeomys,Muridae
Pelomys,Muridae
Paulamys,Muridae
Paruromys,Muridae
Paraleptomys,Muridae
Parahydromys,Muridae
Papagomys,Muridae
Palawanomys,Muridae
Oenomys,Muridae
Notomys,Muridae
Nesokia,Muridae
Muriculus,Muridae
Millardia,Muridae
Micromys,Muridae
Mesembriomys,Muridae
Maxomys,Muridae
Melasmothrix,Muridae
Malpaisomys,Muridae
Mallomys,Muridae
Malacomys,Muridae
Macruromys,Muridae
Lorentzimys,Muridae
Leporillus,Muridae
Lenothrix,Muridae
Lenomys,Muridae
Leggadina,Muridae
Lamottemys,Muridae
Komodomys,Muridae
Kadarsanomys,Muridae
Hyomys,Muridae
Hapalomys,Muridae
Haeromys,Muridae
Heimyscus,Muridae
Golunda,Muridae
Eropeplus,Muridae
Diomys,Muridae
Dacnomys,Muridae
Crossomys,Muridae
Cremnomys,Muridae
Coryphomys,Muridae
Conilurus,Muridae
Colomys,Muridae
Chiruromys,Muridae
Chiropodomys,Muridae
Carpomys,Muridae
Chiromyscus,Muridae
Canariomys,Muridae
Bunomys,Muridae
Berylmys,Muridae
Bandicota,Muridae
Archboldomys,Muridae
Anonymomys,Muridae
Anisomys,Muridae
Abditomys,Muridae
Glirulus,Gliridae
Selevinia,Gliridae
Myomimus,Gliridae
Muscardinus,Gliridae
Elephas,Elephantidae
Rhynchocyon,Macroscelididae
Orycteropus,Orycteropodidae
Petrodromus,Macroscelididae
Macroscelides,Macroscelididae
Elephantulus,Macroscelididae
Heterohyrax,Procaviidae
Procavia,Procaviidae
Dendrohyrax,Procaviidae
Quemisia,Heptaxodontidae
Amblyrhiza,Heptaxodontidae
Elasmodontomys,Heptaxodontidae
Isolobodon,Capromyidae
Hexolobodon,Capromyidae
Clidomys,Heptaxodontidae
Rhizoplagiodontia,Capromyidae
Plagiodontia,Capromyidae
Geocapromys,Capromyidae
Mysateles,Capromyidae
Boromys,Echimyidae
Brotomys,Echimyidae
Heteropsomys,Echimyidae
Lonchothrix,Echimyidae
Hoplomys,Echimyidae
Clyomys,Echimyidae
Euryzygomatomys,Echimyidae
Carterodon,Echimyidae
Echimys,Echimyidae
Diplomys,Echimyidae
Olallamys,Echimyidae
Kannabateomys,Echimyidae
Dactylomys,Echimyidae
Chaetomys,Erethizontidae
Spalacopus,Octodontidae
Tympanoctomys,Octodontidae
Octodontomys,Octodontidae
Octomys,Octodontidae
Dasyprocta,Dasyproctidae
Dolichotis,Caviidae
Microcavia,Caviidae
Galea,Caviidae
Dinomys,Dinomyidae
Lagidium,Chinchillidae
Echinoprocta,Erethizontidae
Thryonomys,Thryonomyidae
Petromus,Petromuridae
Hystrix,Hystricidae
Trichys,Hystricidae
Atherurus,Hystricidae
Georychus,Bathyergidae
Heliophobius,Bathyergidae
Heterocephalus,Bathyergidae
Bathyergus,Bathyergidae
Cynocephalus,Cynocephalidae
Ptilocercus,Ptilocercidae
Urogale,Tupaiidae
Dendrogale,Tupaiidae
Anathana,Tupaiidae
Pectinator,Ctenodactylidae
Massoutiera,Ctenodactylidae
Felovia,Ctenodactylidae
Ctenodactylus,Ctenodactylidae
Idiurus,Anomaluridae
Anomalurus,Anomaluridae
Zenkerella,Anomaluridae
Castor,Castoridae
Pan,Hominidae
Procolobus,Cercopithecidae
Pygathrix,Cercopithecidae
Nasalis,Cercopithecidae
Theropithecus,Cercopithecidae
Mandrillus,Cercopithecidae
Erythrocebus,Cercopithecidae
Allenopithecus,Cercopithecidae
Leontopithecus,Callitrichidae
Callithrix,Callitrichidae
Callimico,Callitrichidae
Otolemur,Galagidae
Galago,Galagidae
Euoticus,Galagidae
Perodicticus,Lorisidae
Arctocebus,Lorisidae
Indri,Indriidae
Lemur,Lemuridae
Allocebus,Cheirogaleidae
Corynorhinus,Vespertilionidae
Delphinus,Delphinidae
Atelocynus,Canidae
Caracal,Felidae
Tayassu,Tayassuidae
Leptailurus,Felidae
Pecari,Tayassuidae
Wallabia,Macropodidae
Bos,Bovidae
Setonix,Macropodidae
Onychogalea,Macropodidae
Macropus,Macropodidae
Lagostrophus,Macropodidae
Lagorchestes,Macropodidae
Dorcopsulus,Macropodidae
Dorcopsis,Macropodidae
Hypsiprymnodon,Hypsiprymnodontidae
Caloprymnus,Potoroidae
Aepyprymnus,Potoroidae
Wyulda,Phalangeridae
Vombatus,Vombatidae
Lasiorhinus,Vombatidae
Microperoryctes,Peramelidae
Peroryctes,Peramelidae
Notoryctes,Notoryctidae
Perameles,Peramelidae
Rhynchomeles,Peramelidae
Echymipera,Peramelidae
Macrotis,Thylacomyidae
Isoodon,Peramelidae
Phascolarctos,Phascolarctidae
Chaeropus,Chaeropodidae
Planigale,Dasyuridae
Phascolosorex,Dasyuridae
Phascogale,Dasyuridae
Parantechinus,Dasyuridae
Ningaui,Dasyuridae
Neophascogale,Dasyuridae
Murexia,Dasyuridae
Dasyurus,Dasyuridae
Dasykaluta,Dasyuridae
Myrmecobius,Myrmecobiidae
Rhyncholestes,Caenolestidae
Dromiciops,Microbiotheriidae
Lestoros,Caenolestidae
Thylacinus,Thylacinidae
Metachirus,Didelphidae
Lestodelphys,Didelphidae
Lutreolina,Didelphidae
Chironectes,Didelphidae
Caluromysiops,Didelphidae
Glironia,Didelphidae
Caluromys,Didelphidae
Ornithorhynchus,Ornithorhynchidae
Tachyglossus,Tachyglossidae
Brachylagus,Leporidae
Arborimus,Cricetidae
Phenacomys,Cricetidae
Lemmiscus,Cricetidae
Boselaphus,Bovidae
Antilope,Bovidae
Dama,Cervidae
Macrotus,Phyllostomidae
Erophylla,Phyllostomidae
Nasua,Procyonidae
Leptonycteris,Phyllostomidae
Stenella,Delphinidae
Globicephala,Delphinidae
Sylvicapra,Bovidae
Syncerus,Bovidae
Otocyon,Canidae
Speothos,Canidae
Bison,Bovidae
Cerdocyon,Canidae
Lycaon,Canidae
Chrysocyon,Canidae
Cuon,Canidae
Nyctereutes,Canidae
Uncia,Felidae
Acinonyx,Felidae
Panthera,Felidae
Felis,Felidae
Oreamnos,Bovidae
Ammotragus,Bovidae
Antilocapra,Antilocapridae
Ovibos,Bovidae
Odocoileus,Cervidae
Cervus,Cervidae
Rangifer,Cervidae
Trichechus,Trichechidae
Hydrodamalis,Dugongidae
Mirounga,Phocidae
Ommatophoca,Phocidae
Dugong,Dugongidae
Hydrurga,Phocidae
Monachus,Phocidae
Cystophora,Phocidae
Phoca,Phocidae
Erignathus,Phocidae
Halichoerus,Phocidae
Arctocephalus,Otariidae
Odobenus,Odobenidae
Callorhinus,Otariidae
Otaria,Otariidae
Eumetopias,Otariidae
Neophoca,Otariidae
Phocarctos,Otariidae
Urocyon,Canidae
Mephitis,Mephitidae
Taxidea,Mustelidae
Gulo,Mustelidae
Enhydra,Mustelidae
Caperea,Neobalaenidae
Balaena,Balaenidae
Megaptera,Balaenopteridae
Eschrichtius,Eschrichtiidae
Hyperoodon,Hyperoodontidae
Indopacetus,Hyperoodontidae
Tasmacetus,Hyperoodontidae
Ziphius,Hyperoodontidae
Berardius,Hyperoodontidae
Kogia,Kogiidae
Phocoena,Phocoenidae
Phocoenoides,Phocoenidae
Monodon,Monodontidae
Neophocaena,Phocoenidae
Physeter,Physeteridae
Delphinapterus,Monodontidae
Peponocephala,Delphinidae
Feresa,Delphinidae
Grampus,Delphinidae
Lissodelphis,Delphinidae
Orcinus,Delphinidae
Pseudorca,Delphinidae
Cephalorhynchus,Delphinidae
Lagenorhynchus,Delphinidae
Lagenodelphis,Delphinidae
Steno,Delphinidae
Platanista,Platanistidae
Pontoporia,Iniidae
Lipotes,Iniidae
Zapus,Dipodidae
Napaeozapus,Dipodidae
Myocastor,Myocastoridae
Onychomys,Cricetidae
Ochrotomys,Cricetidae
Podomys,Cricetidae
Ondatra,Cricetidae
Synaptomys,Cricetidae
Neofiber,Cricetidae
Microdipodops,Heteromyidae
Thomomys,Geomyidae
Glaucomys,Sciuridae
Aplodontia,Aplodontiidae
Oryctolagus,Leporidae
Homo,Hominidae
Stenoderma,Phyllostomidae
Monophyllus,Phyllostomidae
Diphylla,Phyllostomidae
Choeronycteris,Phyllostomidae
Lasionycteris,Vespertilionidae
Euderma,Vespertilionidae
Idionycteris,Vespertilionidae
Antrozous,Vespertilionidae
Scapanus,Talpidae
Scalopus,Talpidae
Parascalops,Talpidae
Neurotrichus,Talpidae
